{
  "runtime": "onnxruntime-cpu",
  "onnxruntimeVersion": "1.23.2",
  "sequenceLength": 32,
  "threads": 6,
  "loadMs": 2207.821099999819,
  "firstRunMs": 76.49409999976342,
  "steadyAverageMs": 73.44779999948514,
  "steadyMedianMs": 73.44779999948514,
  "output": {
    "shape": [
      2,
      80,
      32
    ],
    "elements": 5120,
    "finite": true,
    "min": -9.471282958984375,
    "max": 4.9674811363220215,
    "mean": -2.5180907249450684,
    "rms": 3.8697195258169907
  }
}
