{
  "runtime": "onnxruntime-cpu",
  "onnxruntimeVersion": "1.23.2",
  "sequenceLength": 256,
  "threads": 6,
  "loadMs": 2340.733299999556,
  "firstRunMs": 455.4703000012523,
  "steadyAverageMs": 723.42480000043,
  "steadyMedianMs": 723.42480000043,
  "output": {
    "shape": [
      2,
      80,
      256
    ],
    "elements": 40960,
    "finite": true,
    "min": -10.327265739440918,
    "max": 2.898888111114502,
    "mean": -4.598406791687012,
    "rms": 5.00708401951207
  }
}
