{
  "runtime": "onnxruntime-cpu",
  "onnxruntimeVersion": "1.23.2",
  "sequenceLength": 256,
  "threads": 6,
  "loadMs": 3021.543400000155,
  "firstRunMs": 643.0873999997857,
  "steadyAverageMs": 612.1863999997004,
  "steadyMedianMs": 612.1863999997004,
  "output": {
    "shape": [
      2,
      80,
      256
    ],
    "elements": 40960,
    "finite": true,
    "min": -10.32731819152832,
    "max": 2.8982064723968506,
    "mean": -4.598405361175537,
    "rms": 5.007082657067307
  }
}
