{
  "elements": 5120,
  "referenceFinite": true,
  "candidateFinite": true,
  "maxAbs": 0.00987708568572998,
  "meanAbs": 0.000287988529271388,
  "rmsError": 0.0006589447005961212,
  "maxRelative": 2.4266857106981417,
  "withinAbsToleranceRatio": 1.0,
  "absTolerance": 0.01
}
