{
  "backend": "cpu",
  "precision": "high",
  "sequenceLength": 32,
  "loadMs": 2674.125700,
  "firstRunMs": 470.292900,
  "steadyAverageMs": 427.572000,
  "steadyMedianMs": 420.894800,
  "memoryMb": 1299.038696,
  "flopsM": 11978.570312,
  "primaryBackendType": 13,
  "backupBackendType": -1,
  "outputShape": "[2,80,32]",
  "outputElements": 5120,
  "finite": true,
  "min": -15.930882,
  "max": 6.318173,
  "mean": -4.851762,
  "rms": 5.880770
}
