{
  "backend": "cpu",
  "precision": "high",
  "sequenceLength": 32,
  "loadMs": 2641.948100,
  "firstRunMs": 433.895900,
  "steadyAverageMs": 413.414100,
  "steadyMedianMs": 421.594600,
  "memoryMb": 1299.038696,
  "flopsM": 11978.570312,
  "primaryBackendType": 13,
  "backupBackendType": -1,
  "outputShape": "[2,80,32]",
  "outputElements": 5120,
  "finite": true,
  "min": -15.113642,
  "max": 5.749004,
  "mean": -5.195587,
  "rms": 5.908199
}
