{
  "backend": "cpu",
  "precision": "high",
  "sequenceLength": 32,
  "loadMs": 2732.107600,
  "firstRunMs": 505.230400,
  "steadyAverageMs": 462.969600,
  "steadyMedianMs": 462.969600,
  "memoryMb": 1315.601196,
  "flopsM": 11978.570312,
  "primaryBackendType": 13,
  "backupBackendType": -1,
  "outputShape": "[2,80,32]",
  "outputElements": 5120,
  "finite": true,
  "min": -11.270951,
  "max": 2.651369,
  "mean": -4.783592,
  "rms": 5.258694
}
